Name,Price
"WonderThin Sandwich Bread, White675 g",$2.99
"WonderBread, Sliced White675 g",$2.99
DempsterFresh White Bread675 g,$3.69
VillaggioClassico White Bread Italian Style Thick Slice675 g,$3.99
DItalianoThick Slice Original Bread675 g,$3.79
President's ChoiceGluten Free White Bread454 g,$6.29
Dempster100% Whole Wheat Bread675 g,$3.69
Wonder100% Whole Wheat Bread675 g,$2.99
Bamboo Fibre Bread Bin with Bamboo Bread Board Lid-White,$67.49
No NameCracked Wheat Bread675 g,$1.99
No NameOriginal Bread675 g,$1.99
DItalianoThick Sliced Sesame Bread675 g,$3.79
No Name100% Whole Wheat Bread675 g,$1.99
DItalianoBread Brizzolio Extra Soft Thick Slice600 g,$3.79
DItalianoItalian Style Grains Sliced Bread600 g,$3.79
DItalianoThick Sliced Bread 100% Whole Wheat 675 g,$3.79
"WestonTexas Toast Bread, 100% Whole Wheat675 g",$2.99
Country HarvestWhole Grains Bread No Sugar Added600 g,$3.49
Cuckoo Multi-Functional Bread Maker/21 lb,$219.99
Ready BakeFrozen Bread Dough White445 g,$6.99
ZWILLING Pro le blanc 9 inch Bread Knife,$169.99
La BaguetterieWhite Miche Sliced800 g,$4.00
Robin HoodBest For Bread Homestyle White Flour2.5 kg,$6.49
Swan Nordic SWKA17512WHTN Bread Bin with Bamboo Lid 15cm x 15cm x 35cm White,$109.99
La BaguetterieWhite Baguette326 g,$3.49
Frigidaire - Bread Maker with 15 Settings 900g Capacity 710 Watts Stainless Steel,$235.97
La BaguetterieWhite Oval454 g,$3.49
Promise Gluten FreeSoft White Loaf480 g,$7.99
White Baguette255 g,$0.88
CedarLebanese-Style White Pita Bread330 g,$1.49
President's ChoiceBreaded Chicken Strips600 g,$9.49
Costa Nova - Pearl White Bread plate,$34.14
Costa Nova - Livia White Oval bread plate,$34.14
Costa Nova - Friso White Bread plate,$34.14
President's ChoiceGluten Free Breaded Shrimp340 g,$10.99
Costa Nova - Alentejo White Appetizer/bread plate,$35.47
Casafina - Impressions Linen White Appetizer/bread plate,$31.65
Costa Nova - Nova White Bread/appetizer plate,$34.14
Costa Nova - Redonda White Appetizer/bread plate,$32.79
Zojirushi Home Bakery Maestro Breadmaker BB-SSC10 1lb Loaf Premium White,$449.89
"President's ChoiceThick & Crispy Breaded Chicken Burgers, Fully Cooked700 g",$7.49
ZOJIRUSHI ZO-BB-HAC10WZ - Home Bakery Mini Breadmaker 1 LB (Premium White),$317.59
ACEOlive Oil & Sea Salt Mini Crisps 180 g,$5.39
ACEToasted Sesame Mini Crisps180 g,$5.39
ACERoasted Garlic Crostino125 g,$5.39
ACERoasted Garlic Mini Crisps180 g,$5.39
"President's ChoiceMini Pita Crackers, White Cheddar Flavour142 g",$3.49
Costa Nova - Brisa Salt Appetizer/bread plate,$36.14
